relation,Vs1,Vs2,Vs3,Vs4,Vs5,Vs6,Vs7,Vs8,Vs9,Vs10,Vs11,Vs12,Vs13,Vs14,Vs15,Vs16,Vs17,Vs18,Vs19,Vs20,Vs21,Vs22,Vs23,Vs24,Vs25,Vs26,Vs27,Vs28,Vs29,Vs30,Vs31,Vs32,Vs33,Vs34,Vs35,Vs36,Vs37,Vs38,Vs39,Vs40,Vs41,Vs42,Vs43,Vs44,Vs45,Vs46,Vs47,Vs48,Vs49,Vs50,Vs51,Vs52,Vs53,Vs54,Vs55,Vs56,Vs57,Vs58,Vs59,Vs60,Vs61,Vs62,Vs63,Vs64,Vs65,Vs66,Vs67,Vs68,Vs69,Vs70,Vs71,Vs72,Vs73,Vs74,Vs75,Vs76,Vs77,Vs78,Vs79,Vs80,Vs81,Vs82,Vs83,Vs84,Vs85,Vs86,Vs87,Vs88,Vs89,Vs90,Vs91,Vs92,Vs93,Vs94,Vs95,Vs96,Vs97,Vs98,Vs99,Vs100,Vs101,Vs102,Vs103,Vs104,Vs105,Vs106,Vs107,Vs108,Vs109,Vs110,Vs111,Vs112,Vs113,Vs114,Vs115,Vs116,Vs117,Vs118,Vs119,Vs120,Vs121,Vs122,Vs123,Vs124,Vs125,Vs126,Vs127,Vs128,Vs129,Vs130,Vs131,Vs132,Vs133,Vs134,Vs135,Vs136,Vs137,Vs138,Vs139,Vs140,Vs141,Vs142,Vs143,Vs144,Vs145,Vs146,Vs147,Vs148,Vs149,Vs150,Vs151,Vs152,Vs153,Vs154,Vs155,Vs156,Vs157,Vs158,Vs159,Vs160,Vs161,Vs162,Vs163,Vs164,Vs165,Vs166,Vs167,Vs168,Vs169,Vs170,Vs171,Vs172,Vs173,Vs174,Vs175,Vs176,Vs177,Vs178,Vs179,Vs180,Vs181,Vs182,Vs183,Vs184,Vs185,Vs186,Vs187,Vs188,Vs189,Vs190,Vs191,Vs192,Vs193,Vs194,Vs195,Vs196,Vs197,Vs198,Vs199,Vs200,Vs201,Vs202,Vs203,Vs204,Vs205,Vs206,Vs207,Vs208,Vs209,Vs210,Vs211,Vs212,Vs213,Vs214,Vs215,Vs216,Vs217,Vs218,Vs219,Vs220,Vs221,Vs222,Vs223,Vs224,Vs225,Vs226,Vs227,Vs228,Vs229,Vs230,Vs231,Vs232,Vs233,Vs234,Vs235,Vs236,Vs237,Vs238,Vs239,Vs240,Vs241,Vs242,Vs243,Vs244,Vs245,Vs246,Vs247,Vs248,Vs249,Vs250,Vs251,Vs252,Vs253,Vs254,Vs255,Vs256,Vs257,Vs258,Vs259,Vs260,Vs261,Vs262,Vs263,Vs264,Vs265,Vs266,Vs267,Vs268,Vs269,Vs270,Vs271,Vs272,Vs273,Vs274,Vs275,Vs276,Vs277,Vs278,Vs279,Vs280,Vs281,Vs282,Vs283,Vs284,Vs285,Vs286,Vs287,Vs288,Vs289,Vs290,Vs291,Vs292,Vs293,Vs294,Vs295,Vs296,Vs297,Vs298,Vs299,Vs300,Vs301,Vs302,Vs303,Vs304,Vs305,Vs306,Vs307,Vs308,Vs309,Vs310,Vs311,Vs312,Vs313,Vs314,Vs315,Vs316,Vs317,Vs318,Vs319,Vs320,Vs321,Vs322,Vs323,Vs324,Vs325,Vs326,Vs327,Vs328,Vs329,Vs330,Vs331,Vs332,Vs333,Vs334,Vs335,Vs336,Vs337,Vs338,Vs339,Vs340,Vs341,Vs342,Vs343,Vs344,Vs345,Vs346,Vs347,Vs348,Vs349,Vs350,Vs351,Vs352,Vs353,Vs354,Vs355,Vs356,Vs357,Vs358,Vs359,Vs360,Vs361,Vs362,Vs363,Vs364,Vs365,Vs366,Vs367,Vs368,Vs369,Vs370,Vs371,Vs372,Vs373,Vs374,Vs375,Vs376,Vs377,Vs378,Vs379,Vs380,Vs381,Vs382,Vs383,Vs384,Vs385,Vs386,Vs387,Vs388,Vs389,Vs390,Vs391,Vs392,Vs393,Vs394,Vs395,Vs396,Vs397,Vs398,Vs399,Vs400
H_about_M,0.05932,-0.007848,-0.192042,-0.09184,-0.142475,0.034905,0.20415,-0.002831,0.036539,-0.128732,0.028007,-0.056449,0.146679,0.087988,0.185427,0.148177,0.06277,-0.002375,-0.013872,-0.137516,0.06659,-0.071727,0.121485,-0.108899,0.081814,0.085665,-0.068386,-0.132986,-0.142085,-0.031266,0.033115,-0.226413,0.10089,0.062113,-0.004856,0.15775,0.059519,0.067571,-0.077466,0.109731,-0.026668,0.021914,0.112337,-0.035764,-0.058259,-0.113969,0.017698,-0.083152,0.034531,-0.08921,0.064251,0.038285,-0.000226,0.159518,0.212977,-0.212723,-0.131448,0.018796,0.144871,-0.186622,0.109462,-0.11894,-0.141246,-0.032165,-0.089024,-0.058695,-0.066575,-0.110582,-0.002788,-0.068488,-0.114953,-0.079237,-0.08628,-0.071605,0.235925,0.039887,0.009667,-0.01807,0.282494,6.1e-05,-0.134039,-0.068204,-0.186633,0.206479,0.058504,-0.068982,-0.089184,0.049293,0.051644,-0.054516,0.002548,0.075293,-0.188205,-0.065174,-0.084855,0.163992,0.067287,0.024037,-0.026906,0.062066,-0.285978,-0.180151,-0.290607,0.105255,-0.082197,-0.199314,0.034347,-0.018613,0.046203,0.013166,0.040386,-0.082267,0.139972,0.00269,0.016273,0.061632,0.043995,-0.069315,-0.08912,0.045278,0.042419,0.053332,0.154097,0.138061,-0.056358,-0.091018,0.05761,0.006211,-0.064966,0.127179,0.014353,0.050637,-0.10509,-0.073478,-0.076267,-0.123824,-0.014958,-0.123491,0.10306,0.023838,0.060081,-0.186763,-0.148517,0.080779,-0.288877,0.051773,-0.073017,0.288264,0.177029,-0.034197,0.013067,0.07367,-0.088488,-0.081317,0.124438,0.032813,0.08075,0.078976,-0.105322,0.074748,-0.034133,-0.156653,0.258225,0.034449,0.15347,0.145285,0.144238,-0.095983,0.162981,-0.045144,0.021627,-0.016863,0.032963,-0.008564,0.15961,0.011736,0.089731,-0.003898,-0.058914,0.043275,0.106369,0.113746,0.109939,0.14979,0.013601,0.082327,-0.053523,0.195173,0.053736,-0.047153,-0.036105,0.097627,0.04444,0.07991,0.03052,0.116183,-0.085065,-0.067386,-0.001512,-0.237827,-0.026667,-0.046779,-0.089376,0.13751,-0.074788,-0.023298,0.209739,0.036695,-0.236275,-0.185876,-0.059103,-0.151987,0.235102,0.077943,-0.073383,-0.064668,0.017646,0.077313,-0.079284,0.186163,0.069106,0.100298,0.141548,0.11998,0.172709,-0.02602,0.097425,0.121008,-0.01138,-0.194249,-0.150942,-0.221685,-0.012599,-0.001465,0.04346,-0.052653,-0.101235,-0.081813,-0.025483,0.233965,0.039611,-0.069333,0.078841,0.035681,-0.238504,-0.06869,0.024443,0.099336,-0.176915,0.158936,-0.129737,0.050629,0.024475,-0.043741,-0.018873,-0.144082,0.03822,0.152064,0.044174,-0.011959,-0.005994,-0.11768,0.162299,0.064614,0.064519,0.139051,-0.093478,-0.138433,0.087235,0.060606,-0.091837,0.02324,-0.015377,0.078725,0.059769,-0.155436,0.040714,-0.156284,-0.046353,0.316351,0.02003,0.110999,0.135882,0.187105,0.189491,-0.026508,-0.034769,-0.07046,0.198306,-0.045305,-0.109515,-0.06924,-0.007135,0.116082,-0.10448,0.058105,0.19268,0.058516,-0.046178,-0.139344,-0.072964,-0.225305,-0.161238,0.174628,-0.037085,0.217353,-0.161908,0.020682,-0.030316,0.012885,-0.000699,-0.082249,0.28046,-0.080673,-0.072557,0.12526,0.094586,-0.084269,0.192813,-0.045529,-0.149715,0.102332,-0.175452,0.022641,-0.044403,-0.31631,0.032433,0.033092,-0.067822,0.065744,0.036294,0.091979,0.081893,-0.068836,-0.155082,-0.258896,-0.046497,0.013591,-0.020126,-0.098886,0.151686,0.091747,0.051521,0.13046,-0.091885,-0.064088,-0.049778,0.107258,0.061432,0.007012,-0.043554,-0.142681,-0.035635,-0.018729,0.108351,-0.190241,0.22608,0.050482,-0.118845,0.093943,0.02747,0.003534,0.086728,0.097387,-0.019046,-0.003214,0.07659,-0.170957,-0.009066,-0.109391,-0.067765,0.08722,-0.095074,-0.241327,0.148703,0.109719,-0.022058,-0.026101,0.060008,0.052217,0.033512,-0.198484,-0.065471,-0.159623,-0.119893,-0.173408,0.066549,0.151817,0.040737,-0.082478,0.032611,-0.010533,-0.173138,-0.048412,-0.034092,-0.025293,-0.194059,-0.029293,-0.017511,0.069889
H_by_M,-0.096704,0.150165,-0.01775,-0.07178,0.004458,0.098807,0.069344,0.010722,-0.060443,-0.08739,0.070104,-0.027113,0.051672,0.008329,0.13988,-0.248332,0.032038,0.077574,0.00034,-0.18603,-0.037212,-0.005458,0.030651,-0.211501,0.011484,0.21771,0.017617,0.004823,0.050961,0.060399,0.064932,-0.149373,-0.087866,0.009962,0.094437,-0.074371,-0.013878,0.008468,-0.020777,-0.00175,-0.021324,0.100107,-0.048935,0.01923,0.120261,0.11571,0.135896,0.04593,-0.003965,0.072589,0.138729,0.003278,-0.029259,-0.032524,-0.027587,0.042627,0.056351,-0.159051,-0.009618,0.067982,-0.078703,-0.167484,0.066395,0.037423,-0.090001,0.148227,0.033923,-0.022458,-0.052055,0.050085,-0.014997,0.083135,-0.01765,-0.111962,0.03071,-0.084086,0.063502,-0.074256,-0.006482,0.074643,-0.196699,0.076364,-0.197211,0.231274,0.117894,0.096181,-0.148801,0.02575,-0.163646,-0.217906,0.059407,-0.055832,-0.046371,0.033943,-0.103004,-0.057132,0.100581,-0.152553,-0.019554,-0.070654,0.024031,-0.212322,-0.146923,-0.064951,-0.030333,-0.114491,0.172931,0.124604,0.048472,0.014625,-0.022373,-0.049369,-0.19778,0.034,-0.055216,0.076578,-0.04986,0.172716,0.061231,-0.008681,0.032272,-0.10846,-0.020942,0.120202,-0.172087,-0.168579,0.053872,0.003422,0.038628,-0.006195,0.002851,0.125385,0.117123,-0.078396,0.196775,-0.049131,0.105244,0.014927,-0.071983,-0.251547,-0.006927,-0.015684,0.028718,-0.034826,0.012909,0.086453,0.073109,0.068962,0.099094,-0.097955,0.007962,0.044707,0.089443,-0.051177,0.028897,0.008232,0.094404,0.068238,0.036331,0.018475,0.118668,-0.074579,-0.031771,0.000496,-0.053253,-0.083427,-0.062261,0.045709,-0.103868,-0.104073,-0.204289,-0.030478,-0.027967,0.004815,0.136128,0.06179,0.036678,-0.016264,0.141406,0.134669,0.035934,0.112888,0.007777,-0.128284,-0.085226,-0.200313,0.017942,0.100419,0.032376,0.076792,-0.03704,0.164376,0.095885,-0.002503,-0.014695,0.12539,0.035531,0.011151,-0.069859,0.047138,0.027504,0.123896,-0.000115,-0.065202,-0.12213,-0.075226,-0.045955,-0.074588,0.000767,0.045542,0.061777,0.19951,0.079492,-0.042172,-0.13124,-0.108117,-0.097562,0.107224,-0.196052,-0.215831,0.128558,0.041371,0.0458,-0.023283,0.107836,0.045238,-0.036897,0.080499,0.087125,-0.083326,-0.139254,-0.030362,0.06806,-0.075591,0.112793,-0.118424,-0.120071,-0.025668,-0.000614,-0.140049,-0.212537,0.019199,0.034982,-0.017198,-0.05125,-0.032835,0.131123,-0.078229,-0.011516,-0.027688,-0.015296,0.002583,-0.089162,-0.005635,0.151538,0.068497,-0.010232,0.09104,-0.01495,-0.0565,-0.063493,-0.116172,0.069205,-0.100219,-0.033145,-0.03031,0.123488,0.011945,-0.007131,-0.0421,0.012826,-0.034901,0.01355,0.192441,-0.108374,0.135124,-0.029975,0.017573,0.21697,0.008144,-0.099958,-0.13811,-0.135096,-0.002554,-0.007058,-0.296749,0.107651,-0.016586,-0.173964,-0.08707,-0.101243,-0.074443,-0.027062,-0.069337,-0.018842,0.145301,0.09002,0.016699,0.001399,-0.094899,-0.056642,0.063725,0.032473,0.081176,-0.097712,0.034506,-0.099374,0.137407,-0.125975,0.138184,0.076303,0.004104,0.008146,0.041946,0.072192,0.032575,0.110333,-0.065497,0.124211,0.036667,-0.073165,-0.02458,0.262859,-0.063949,0.166442,0.021086,-0.024579,0.023382,0.235786,0.056025,0.132344,0.024916,0.043532,-0.144928,-0.197898,0.034304,-0.079525,-0.000974,-0.025524,-0.105048,0.033069,-0.056453,0.010492,0.207488,-0.077403,-0.053406,-0.026462,0.027406,0.006631,-0.025501,0.02803,0.0912,-0.123944,-0.072429,0.085063,0.063669,-0.082506,-0.166234,0.040957,0.031269,0.037662,-0.002786,0.026017,-0.038537,-0.13791,0.06666,-0.0151,-0.171598,-0.063572,0.032872,0.035418,-0.016007,0.062875,-0.108814,-0.080559,0.126474,0.251642,-0.116107,-0.028704,-0.089114,-0.00276,-0.031299,0.100257,0.128464,-0.053723,0.126112,-0.082008,-0.08731,-0.082961,0.094971,0.139916,-0.087193,-0.099479,0.17817,-0.16218,0.008183,0.03306,0.111224,-0.106673,0.165839
H_caused_by_M,-0.0088065,0.0509655,-0.005818,0.000391500000000003,-0.052682,0.119338,0.12051,0.018359,-0.0270055,-0.0079485,-0.0169635,0.0226845,0.0868705,-0.120194,0.1641245,-0.171688,0.008478,0.0536065,0.142578,-0.2187885,-0.0885465,0.0477425,-0.001858,-0.1003105,0.0259955,0.1066135,-0.03798,-0.0053165,-0.018861,0.1194055,-0.020579,-0.0925635,-0.1208825,0.0788605,0.051426,0.01787,0.100331,0.0965085,0.012441,-0.020196,0.0640155,0.139982,-0.007987,-0.08635,0.085698,0.0441195,0.141362,-0.021951,0.017964,-0.0269155,0.0896695,0.0644255,-0.126422,-0.1092585,-0.0185865,-0.0683785,0.1024155,-0.131994,-0.048731,0.043252,-0.04488,-0.0793635,0.0462245,0.0207405,-0.1411735,0.1563925,-0.0076535,0.038028,0.036967,-0.0072025,-0.0260425,0.142901,0.013962,-0.087762,0.1057505,-0.0319795,-0.0301275,-0.089695,0.2181995,-0.022955,-0.1709185,0.097413,-0.061334,0.1760275,0.1545065,0.0806425,-0.1721275,0.2013685,-0.051835,-0.0671955,0.078571,-0.1129755,-0.084517,0.1543845,-0.198915,-0.1259035,0.081383,-0.09357,-0.0868425,-0.043392,-0.022237,-0.1517755,-0.120759,-0.0732745,-0.02231,-0.1545445,0.019065,0.0519035,0.027739,-0.02328,-0.0318005,0.0550635,-0.103678,-0.074646,-0.0220595,-0.0187335,-0.044803,0.104063,-0.028224,0.068752,0.031614,0.1195265,-0.0858765,0.119828,-0.1267735,-0.0571955,0.0233315,-0.078774,0.001171,-0.0143885,0.017424,-0.02871,0.068973,-0.099039,0.06706,0.0382485,-0.071807,-0.0825185,-0.142683,-0.2927175,-0.0436365,0.017493,-0.050774,-0.0030175,-0.0334145,0.165473,0.058814,0.049527,0.0188025,0.048001,0.204234,-0.005458,0.0169065,0.1463885,-0.0237685,0.104899,0.139034,-0.009676,-0.02933,-0.103904,0.125462,-0.0470735,0.0503625,-0.0636725,0.0080855,-0.0755695,0.0152895,-0.062209,0.0266595,-0.111279,-0.1021025,-0.0811855,-0.104487,0.1530735,0.052294,0.086968,-0.027814,0.0150755,0.0805955,0.155397,0.1633445,-0.067979,-0.0917735,-0.1137415,0.0702105,-0.116485,-0.015984,0.047819,0.0065605,-0.017379,-0.1405805,0.1015895,-0.165507,-0.0042315,-0.056881,-0.096883,-0.0675525,-0.069447,-0.157794,0.027381,-0.013625,0.0241395,-0.16218,-0.0011915,-0.113374,-0.0202615,-0.045579,0.0262285,-0.0392675,0.01124,0.0694695,0.1364095,0.0824745,-0.0136205,-0.050518,0.033584,-0.032991,0.1723655,-0.110384,-0.1388415,-0.0142955,-0.0107675,-0.097359,-0.0496485,-0.0534925,0.082959,0.0937105,0.0274985,0.0273315,0.0940205,-0.13566,-0.0160595,4.29999999999944e-05,-0.0280755,0.058048,-0.0487485,-0.0447955,0.0438825,-0.0177655,-0.0743245,-0.154619,-0.0706795,-0.0231575,-0.016656,-0.0780145,-0.07098,0.07224,-0.017059,-0.0726815,-0.053338,-0.0881415,0.134547,0.0121315,-0.0939035,0.139987,0.158939,-0.0791465,0.116357,-0.0481005,0.0259575,-0.028283,-0.0776875,0.0489385,0.007716,0.038722,0.026504,0.180016,0.0361245,-0.0012235,-0.014887,0.0478815,-0.0283765,0.0625965,0.143101,-0.1638105,0.0380375,0.0495085,0.1100805,0.1654485,0.0309475,-0.14965,-0.0388495,-0.1126025,0.0851695,0.0647275,-0.1251415,0.030363,-0.047774,-0.00339650000000001,0.016843,-0.1975305,-0.0145605,-0.121257,0.0090215,0.0738485,0.090349,0.2660505,0.026203,-0.0038475,-0.1554535,-0.1099975,-0.0824995,0.077022,-0.0331675,-0.005119,0.0136375,-0.0443395,0.0438005,0.000968499999999997,0.093167,-0.0111665,-0.110986,0.0913805,0.074042,0.038666,-0.135283,0.0339075,0.0480995,0.0709365,0.0676145,-0.0085105,-0.076718,0.0712225,0.118555,0.1718685,-0.104335,-0.025748,0.1472275,0.0220295,0.172758,0.067245,-0.080931,0.050765,-0.0794125,-0.238359,0.0555525,-0.0211725,0.1035005,-0.0278155,0.0301765,0.181749,-0.0303965,-0.050942,0.105372,-0.1101925,0.0412445,-0.075075,-0.102092,0.0279945,-0.0724055,0.0009055,-0.035321,-0.002351,-0.127055,0.050537,-0.109366,-0.019774,-0.1206055,-0.0172115,0.0750995,-0.065446,0.0738,0.1873285,-0.117177,-0.0017065,0.032257,-0.0399305,-0.123089,0.0167615,0.0182595,-0.066773,0.0184125,0.13709,0.0397745,0.0956025,0.0411815,0.0680385,-0.1160715,0.0998415,-0.16674,0.1739735,-0.060955,0.0782005,0.0498505,0.010246,0.0329985,0.0606385,-0.065097,-0.137784,-0.0100965,0.00827250000000001,-0.1439525,-0.105236,-0.0161975,-0.0474975,0.029379,0.014691,0.003361,-0.174487,0.1749375
H_causes_M,0.064592,-0.081025,0.126839,0.036926,0.006465,0.048856,-0.040858,0.086874,0.138877,-0.001175,0.153666,0.084042,0.051126,-0.153486,0.247386,-0.139665,-0.020049,0.178785,0.267731,-0.281751,-0.118046,0.105832,0.350187,-0.099818,0.115512,0.101626,-0.110356,-0.065329,-0.170162,0.155816,-0.053363,-0.055448,-0.114008,0.15926,0.007424,-0.094782,0.046425,0.174563,0.143391,-0.13906,0.020935,0.046269,0.134306,-0.074602,0.111958,-0.119715,0.246728,0.111508,-0.097559,-0.045784,0.131392,0.156014,-0.139702,0.033519,-0.074709,-0.353079,0.029882,-0.161701,-0.120713,0.054648,0.219035,0.21251,-0.033071,-0.042708,-0.137269,-0.079668,0.07641,-0.125893,0.196325,-0.095692,0.077754,0.227548,-0.079559,-0.307782,0.142975,-0.177174,0.163773,-0.12137,0.26707,0.154098,0.033451,-0.052083,0.147506,0.253817,0.072548,-0.050484,0.077196,0.26149,0.143487,0.09654,0.247271,0.03467,0.010995,0.361796,-0.074807,-0.13052,0.017993,0.107162,-0.25148,0.071384,0.070239,-0.153492,-0.134145,0.031369,0.063669,-0.0733,-0.265324,-0.081241,-0.022177,0.091904,0.162629,0.270678,-0.041096,-0.150545,0.086949,0.028445,-0.111891,0.083056,-0.036322,0.076726,0.231217,0.320227,-0.161984,0.119489,-0.158153,-0.067142,-0.178928,-0.14582,0.285819,0.02856,-0.048346,-0.210755,0.091719,-0.147804,0.037882,-0.061037,-0.136142,-0.14288,-0.205858,-0.338291,-0.004724,-0.173238,-0.208729,0.298101,-0.145392,-0.021357,2.6e-05,0.051729,-0.024036,0.014206,0.317934,-0.051019,-0.085873,-0.050913,-0.122527,0.088818,0.249772,0.128177,0.018879,-0.081732,0.175078,0.008237,0.005859,-0.171787,0.043911,-0.097343,0.082012,-0.069674,0.202827,-0.086726,0.190443,-0.119791,-0.161874,0.075775,0.003687,-0.017466,-0.083653,0.061974,-0.026987,0.092171,0.307106,-0.102559,0.028189,0.136579,0.09369,0.049029,-0.226382,0.033913,-0.107544,-0.193341,-0.149399,-0.051061,-0.330962,-0.003325,-0.185101,-0.128638,-0.01299,-0.147074,0.033971,-0.024567,0.064102,-0.05928,-0.150039,-0.193163,-0.016996,0.032273,-0.144642,-0.013725,-0.01252,-0.205156,0.144286,0.116066,0.159854,0.142236,-0.029082,0.105456,0.190683,0.214502,0.16507,-0.064178,-0.031382,-0.163135,-0.182915,0.103137,-0.370772,0.087097,0.354294,-0.109147,0.02912,0.141689,-0.024895,-0.067737,0.087526,0.014579,0.062928,-0.046289,-0.012478,0.054981,0.354909,0.097554,-0.109042,-0.162281,0.016637,-0.055079,0.052909,0.142172,-0.127114,-0.156835,-0.025649,-0.130804,-0.134777,-0.057427,0.067659,-0.022875,-0.039412,0.234043,0.064082,0.170886,-0.019497,0.036799,-0.088176,-0.279325,-0.015706,0.095363,0.087621,0.21675,0.031655,-0.070646,-0.116672,0.007734,-0.041644,-0.112347,-0.00042,0.114454,-0.21488,-0.032169,0.242592,0.037998,0.069119,0.011964,-0.186329,-0.062748,-0.005794,0.084769,-0.049852,0.226171,-0.035898,-0.041931,0.183177,0.113133,-0.078904,0.145364,-0.051969,-0.083038,0.082949,-0.212057,0.058579,0.053733,0.005822,0.014902,-0.173032,0.04957,0.11434,-0.12401,0.163176,0.086648,0.090209,-0.088882,0.199808,0.159556,-0.054647,-0.101108,0.253974,0.088533,0.086271,-0.034264,0.0257,0.023163,-0.149793,0.222206,0.089961,-0.204747,-0.247948,0.051374,0.306431,-0.077049,-0.027618,-0.007597,-0.098937,0.265126,0.123558,-0.0246,-0.083147,-0.218537,-0.028923,0.112716,0.143189,0.303208,-0.100325,0.029585,0.245609,-0.045349,-0.061625,-0.122828,-0.161352,0.365454,-0.06348,-0.04328,0.224346,0.044161,-0.162218,0.028228,0.101057,-0.13327,-0.078412,-0.195051,-0.109999,0.213415,-0.073576,0.026859,-0.026049,0.070553,0.221639,-0.082619,0.156422,0.110798,0.025517,0.138663,0.224902,0.087715,-0.182437,-0.097514,0.110235,0.101967,0.228858,-0.112457,-0.015403,-0.153002,0.145487,-0.038404,0.170323,0.067928,0.120562,-0.077617,0.24688,-0.185651,0.157161,0.133426,-0.063774,0.03609,0.186339,-0.201795,0.041192,-0.111143,0.043821,0.099095,-0.121168,-0.013425,-0.340506,0.286151
H_during_M,-0.044306,0.11192,0.031942,0.205319,0.123003,0.079021,-0.002574,-0.138334,0.18741,-0.234411,-0.159308,0.008026,-0.106004,0.125039,0.080674,-0.181191,0.140453,0.040458,-0.030728,0.063137,0.125783,0.050899,-0.018129,0.046578,-0.041553,0.26246,0.181616,-0.191384,0.055689,0.221702,-0.076895,-0.083559,-0.127763,-0.090983,-0.021091,0.03316,-0.138669,0.077655,-0.059273,-0.059524,0.002469,0.130584,-0.072598,0.011925,0.126678,0.018033,0.194923,0.018502,0.059121,-0.101907,0.129786,0.000247,-0.030527,-0.072352,-0.154186,0.052266,-0.055528,-0.206481,0.113531,-0.066547,-0.273585,0.19039,-0.004561,0.350151,-0.00617,0.134368,-0.177923,0.006214,-0.097081,0.095066,0.198012,0.017177,-0.120457,0.020837,0.171382,-0.007395,0.204971,0.124372,0.142202,0.011419,-0.029138,0.050542,0.094169,-0.034517,0.094539,0.007725,-0.105388,0.061773,-0.007459,-0.137083,-0.064696,0.068845,-0.083817,-0.031381,0.137716,-0.060406,-0.069197,0.238538,-0.208204,-0.137648,-0.057427,-0.075936,-0.141981,-0.199994,0.060056,-0.115857,-0.008891,0.341082,-0.117869,-0.158933,0.09166,0.025563,0.047915,-0.04704,-0.026375,-0.130694,-0.017582,0.092677,0.078456,0.070795,-0.121286,0.080346,-0.0383,0.087349,-0.074732,0.157307,-0.122477,-0.048575,-0.062067,0.006456,0.230462,0.097155,0.037979,0.080105,-0.058141,-0.161251,-0.049262,-0.030077,-0.21952,-0.178889,0.026963,-0.014862,-0.036359,0.25311,-0.144726,-0.073196,-0.052794,0.111227,-0.000414,0.08748,0.066748,-0.240009,0.0478,0.024125,0.161145,0.161713,0.143726,-0.147596,-0.056719,0.097725,0.063706,-0.067098,0.054724,0.043499,0.057582,0.041387,-0.023911,0.057706,0.119029,-0.09355,-0.113377,0.005056,0.052342,0.185819,0.092042,-0.047187,0.102094,-0.17054,0.107821,0.209426,-0.033278,-0.086005,-0.008435,-0.083614,0.034573,-0.028021,-0.149369,0.141226,0.041643,-0.005439,0.164785,0.019347,-0.212414,-0.10406,0.128996,-0.076551,-0.176325,-0.080168,0.174498,-0.045313,0.247806,0.113634,-0.020387,0.2062,0.099656,-0.052967,-0.176397,-0.191902,-0.246514,-0.155612,0.122297,0.045078,0.143744,-0.084931,-0.045857,-0.074836,-0.168311,0.11893,-0.153335,-0.103725,0.068376,0.09488,0.031401,0.130673,-0.202896,-0.090642,-0.226762,-0.154092,0.068306,-0.149617,-0.160463,0.040461,-0.222504,-0.051747,0.070423,-0.098362,0.079564,-0.067844,-0.043891,0.032282,0.118735,-0.114564,0.006112,-0.077916,-0.016974,-0.051447,0.31988,-0.172603,0.100603,-0.012641,-0.059185,-0.079585,-0.059685,-0.229042,0.074832,0.083365,-0.039048,-0.0079,-0.055691,0.061257,-0.043637,-0.10926,0.001771,-0.009237,0.134923,0.017172,0.109049,-0.072856,0.238475,0.154056,-0.000765,0.119902,0.193987,-0.007933,-0.16708,-0.390221,0.032994,0.07758,0.19323,-0.051118,-0.120051,-0.079553,-0.050572,0.080954,0.241071,-0.122729,-0.013593,-0.142855,0.007378,0.102701,0.015246,-0.003746,-0.086247,0.099264,0.004629,0.262677,-0.008582,-0.112248,-0.126286,0.016757,-0.032825,-0.069206,0.06772,-0.116141,-0.06208,-0.065081,-0.076025,0.104591,-0.043218,0.059932,0.012184,-0.190001,0.039906,-0.029052,-0.144967,0.017623,-0.136894,-0.040284,0.175388,0.256505,0.02719,-0.117787,-0.289229,-0.08883,0.26841,-0.019834,-0.179294,0.009719,0.040975,0.102873,0.021037,0.138953,-0.012725,-0.133478,-0.045753,-0.192265,-0.064363,0.129512,-0.025017,-0.097875,0.212784,-0.017526,0.084456,0.03524,-0.147188,0.194674,-0.283965,0.026332,0.166007,-0.142275,-0.026262,0.117079,-0.011095,-0.188633,0.120067,0.061037,0.181586,-0.199218,-0.210209,0.08965,0.224041,0.175345,0.19241,-0.245442,-0.003513,0.019139,-0.051739,-0.064613,-0.02388,-0.121012,0.054834,-0.225447,0.009251,-0.096884,0.008725,0.104744,0.070834,-0.20071,0.112943,-0.147885,0.166683,-0.048801,-0.037487,0.009619,-0.095498,-0.074911,0.011681,0.099434,-0.075722,-0.01839,0.032696,-0.257708,-0.176236,-0.032839,0.24428,-0.149034,0.036357,-0.085601,-0.054588,0.195368
H_for_M,-0.004082,-0.024244,0.042166,0.007032,-0.081243,0.026162,-0.02268,-0.139835,0.00066,-0.203607,-0.025721,-0.079089,0.010526,-0.084866,0.16587,-0.141807,0.23609,-0.079589,-0.03551,-0.039665,0.062042,0.029019,-0.063805,-0.084703,-0.008754,0.045486,-0.092062,-0.038059,0.049272,-0.020204,-0.047349,-0.03651,-0.097775,-0.068815,0.007956,0.10297,0.050941,-0.051411,-0.091037,0.043812,-0.057378,-0.031089,-0.038739,0.066804,0.04049,-0.068776,0.144126,0.059053,0.008529,-0.090908,-0.02547,-0.053291,-0.229075,-0.026445,0.025379,-0.015203,0.112548,-0.199658,-0.051307,0.131117,-0.079521,-0.02523,-0.008284,0.051476,-0.064887,-0.011934,-0.192722,-0.040197,0.012576,-0.032667,0.001098,0.025993,-0.012793,-0.133141,0.098845,0.076052,0.152982,-0.047289,0.004585,0.146523,0.032903,-0.056617,0.080111,-0.027558,-0.082927,-0.054658,-0.035157,0.081388,-0.054577,-0.071921,-0.050393,-0.058336,-0.087961,0.155042,-0.101784,-0.022668,0.019733,0.004326,-0.001123,0.053211,-0.08444,-0.05128,-0.021548,0.035782,-0.012963,0.011816,0.022339,0.076315,0.013969,-0.023824,-0.024285,0.003793,0.003383,-0.050103,-0.081765,-0.180565,-0.11247,0.064943,0.005283,0.050605,0.014847,-0.041645,-0.00506,0.009958,-0.01841,-0.025318,0.102941,-0.052428,0.160332,0.002756,0.085421,0.11303,-0.018929,0.080224,-0.096888,-0.043317,0.062825,-0.124469,-0.0262,0.017314,0.074105,-0.040839,-0.114742,0.020455,0.035161,-0.138234,0.038256,0.273365,-0.005815,0.003094,-0.157936,-0.048069,-0.039031,0.119761,-0.008171,0.103631,0.082828,0.074372,-0.016148,0.105444,0.038111,-0.073109,0.132206,0.055031,0.021863,-0.036068,-0.030397,0.025751,-0.004663,-0.062553,-0.08389,-0.098997,-0.023187,0.061648,-0.023928,0.048997,0.05236,-0.044705,0.119046,0.132931,0.126266,0.020724,0.116969,-0.088178,0.052932,0.036648,0.078632,0.039012,0.174158,0.109591,-0.088039,-0.043466,-0.078611,-0.000598,0.008743,0.132795,0.061628,0.00806,-0.056481,0.060086,0.069518,-0.0298,-0.058085,0.007872,-0.073831,0.104124,0.021655,-0.032245,0.016762,-0.005741,0.119644,-0.035746,0.015558,-0.224544,-0.044401,0.001925,-0.155605,-0.031216,-0.106135,0.009763,0.154037,0.033234,0.052025,0.025999,-0.023176,0.012592,-0.013553,0.058879,0.019976,0.032522,-0.138076,0.079811,-0.042436,-0.002899,-0.003463,-0.01387,-0.058198,-0.063069,-0.082789,0.005257,-0.026956,0.050864,-0.047242,-0.057895,-0.100871,-0.005783,0.061135,0.016384,0.096318,0.058841,0.000961,-0.122218,0.032995,-0.111768,0.066811,0.073701,-0.051332,0.07596,0.046102,-0.122607,-0.10612,-0.027382,-0.117672,-0.037356,0.180029,-0.040662,-0.007844,-0.052641,0.106821,0.010698,-0.149089,0.054924,-0.145166,0.027521,-0.127335,-0.134031,-0.006801,-0.031495,-0.105982,0.077348,0.023359,-0.041515,-0.083936,0.055021,0.102801,0.059473,-0.108025,-0.136716,-0.090096,0.032442,0.073746,0.064539,0.081983,-0.007684,-0.005415,0.055868,0.053767,0.049505,0.028177,0.066087,0.113037,-0.00503,-0.096974,0.099223,-0.095304,0.068408,-0.023416,0.009373,-0.130298,-0.031152,-0.157454,-0.016333,-0.051892,0.088842,0.097474,0.003197,-0.049325,-0.052128,0.075911,0.077098,-0.108659,0.004598,-0.033992,-0.02496,0.027736,-0.115669,-0.055795,-0.04855,0.053878,-0.015226,0.026817,0.086743,-0.005873,-0.082034,-0.115997,-0.098736,-0.024773,-0.010639,-0.018592,0.029683,0.083143,0.014094,0.135835,0.191001,-0.039013,0.052397,-0.0888,0.189383,0.078415,-0.142104,-0.116085,0.009111,0.027158,0.035778,0.172875,-0.066487,-0.074635,-0.123526,-0.033559,-0.056923,0.044038,-0.015721,0.111966,0.080512,0.029812,-0.043865,0.051748,0.019305,-0.023801,-0.136283,-0.052119,-0.171499,-0.020312,-0.139684,-0.035092,0.020777,0.168109,-0.114114,0.076607,0.04223,0.001182,0.041446,-0.02353,-0.012592,-0.052319,-0.092433,0.026391,0.169151,0.054268,0.126428,0.126172,-0.128727,-0.155813,-0.030016,0.058933,0.007096,-0.038582,0.103223,0.02577,0.115604
H_from_M,-0.042174,0.078197,-0.216452,-0.06337,-0.018129,0.090964,-0.005268,-0.069255,0.019001,-0.213326,-0.083221,0.007754,0.155276,-0.013657,0.120977,-0.181442,0.152432,-0.04102,0.110379,-0.107182,0.007797,-0.06608,0.16253,0.064021,0.089615,0.08172,0.005709,0.136146,0.081605,0.107948,0.042632,-0.039845,-0.006426,0.004531,0.096131,0.00754,0.119429,-0.129258,-0.111597,0.064814,0.046886,-0.014696,-0.016414,0.036726,-0.047879,0.038449,0.160099,-0.083419,0.018914,-0.048624,0.015316,-0.187882,-0.014078,0.111913,-0.049977,-0.102187,-0.050712,0.024543,0.035116,0.06751,-0.057255,-0.051407,0.160781,0.201439,-0.201416,0.18135,0.063951,0.048497,-0.218176,-0.039999,-0.032901,0.093204,-0.09957,-0.097533,0.177638,0.075722,0.008992,-0.033391,0.001399,0.103388,-0.025094,0.003857,-0.027294,0.053364,0.001927,0.111297,0.024491,0.163077,0.027939,-0.104083,0.042413,0.003273,-0.221918,-0.009038,-0.142168,-0.159085,0.005337,-0.085957,-0.207642,-0.016131,-0.16018,-0.105867,0.01943,-0.0943,-0.02227,-0.215107,0.077249,0.023071,-0.017125,0.128977,-0.003203,-0.165495,-0.010703,-0.139848,0.064992,-0.00257,0.065317,0.034741,-0.09966,-0.016438,0.08251,-0.025512,-0.080607,0.136465,0.053607,0.021706,0.065361,0.066116,0.061886,0.029104,0.217844,0.001878,0.006586,0.039786,0.22254,-0.151669,-0.068113,-0.095555,0.194767,0.058871,0.002033,0.00248,0.038439,-0.000447,-0.146745,0.181772,0.059692,0.049852,0.299564,0.059839,-0.170771,-0.181547,0.03517,0.006993,0.243448,-0.005001,0.025794,0.140317,-0.094857,0.106932,0.017982,0.059223,0.091404,0.088057,0.084919,-0.013223,-0.132538,0.165602,0.05761,-0.017547,-0.073351,0.082868,-0.015113,0.049419,0.086009,0.042751,-0.017788,0.079497,0.110237,0.072998,-0.123536,-0.036829,0.084593,-0.033118,-0.03987,0.030678,-0.213624,0.048554,-0.017341,0.135194,-0.151592,-0.018375,0.063644,0.123805,-0.164313,0.092483,0.179039,0.095631,0.047359,0.120679,0.07095,-0.037748,-0.105982,-0.189328,0.017978,-0.013315,-0.019448,-0.019614,0.008046,-0.162798,-0.034903,0.093434,0.13747,-0.033542,0.019921,-0.00582,0.141393,-0.058423,0.065175,-0.095245,0.001025,-0.011613,0.04414,-0.042091,0.014296,-0.042932,0.051461,-0.017641,-0.022261,-0.101952,-0.123549,-0.075225,-0.092905,0.042837,-0.091149,0.060591,-0.185815,-0.076024,0.112166,0.161729,0.035446,-0.087781,-0.036177,0.014814,-0.02752,-0.00681,0.079554,-0.067381,-0.125756,0.042592,0.073692,0.105078,-0.009013,0.111421,0.108869,-0.05938,-0.149342,-0.033445,-0.145249,0.019666,0.031512,-0.136977,-0.087618,-0.072086,0.215968,0.05411,-0.11796,0.06473,-0.139833,0.063725,-0.052446,-0.006509,-0.032134,-0.107216,-0.201518,-0.174393,0.002345,-0.01964,0.035007,0.035767,0.106241,-0.205271,-0.132568,0.090319,-0.035627,-0.120659,0.057777,-0.072291,0.034653,0.004322,-0.201212,0.056238,-0.088909,-0.060282,-0.125814,0.246791,-0.003923,0.069424,0.022056,-0.061665,-0.25438,-0.068406,0.233261,0.117508,-0.002563,0.050641,0.01086,0.213741,-0.057821,0.078989,0.036921,-0.142177,0.05504,0.118153,-0.071274,-0.146949,-0.022923,-0.038052,0.035865,0.186951,0.131491,-0.082851,-0.019508,-0.075349,0.105006,-0.217246,-0.17311,-0.237134,0.176468,-0.140488,-0.123307,0.094797,-0.020451,-0.206423,-0.131178,0.02722,-0.020973,0.122321,-0.102043,-0.091103,0.090163,-0.221594,-0.103084,0.13213,0.061361,0.014186,-0.108016,-0.044166,-0.030204,0.006985,-0.123234,-0.014282,-0.03312,-0.09656,0.084666,0.029673,-0.122035,-0.154865,-0.054463,-0.05074,0.084313,-0.042844,-0.078441,-0.129498,0.065002,-0.068434,0.067767,-0.13172,0.068524,-0.064546,-0.077946,0.051213,0.178647,0.011448,-0.013116,0.017466,-0.088145,0.014115,-0.144992,-0.029124,-0.016449,-0.121082,-0.0089,0.28406,-0.118461,0.109425,0.172391,0.043624,-0.124697,-0.00038,-0.027032,-0.107463,-0.175265,-0.004671,0.129532,0.021282,0.043492,0.032128,-0.002915,0.095767
H_has_M,-0.216784,0.062186,0.118375,0.060019,0.115762,0.138976,0.191732,-0.080995,-0.05925,-0.283708,0.096499,-0.003405,0.097017,-0.093322,-0.041264,-0.151197,-0.081269,-0.040997,0.004499,-0.071945,-0.131201,-0.129201,-0.056149,-0.045305,0.056293,0.076483,-0.150337,-0.192831,-0.001084,0.012198,-0.219887,-0.247229,0.065745,0.086773,0.029655,-0.13184,-0.010992,-0.099772,-0.025727,-0.098733,0.031718,-0.08584,-0.118882,0.114344,0.081549,0.028843,0.171022,-0.12097,-9.3e-05,-0.043399,-0.023739,-0.099882,-0.121724,-0.057417,-0.081652,-0.149962,0.112235,-0.189314,-0.028202,0.16255,-0.00705,-0.109818,-0.015169,-0.128833,0.129321,0.064233,0.073211,0.078951,-0.168082,0.100896,-0.048502,0.248441,0.135396,-0.106908,-0.057455,0.142907,0.249002,-0.370988,0.023021,-0.131327,0.023188,0.042615,-0.082976,0.121717,0.073927,0.024255,-0.002403,0.094369,0.015515,0.010716,-0.027572,-0.038165,-0.041263,0.00156,0.103927,0.131025,0.062128,0.080364,0.079749,-0.053378,-0.13703,-0.231242,-0.020426,-0.039127,-0.058139,-0.169439,0.165822,0.260943,-0.093743,0.076262,-0.041625,-0.191021,-0.138984,-0.086981,-0.088868,-0.045041,-0.059955,0.016577,0.022471,-0.034611,-0.080405,-0.10401,0.038097,0.155259,-0.229699,-0.113684,-0.074359,-0.076216,0.185934,-0.069667,0.096969,-0.056385,-0.034582,-0.119343,0.046832,-0.021252,-0.012676,0.016754,0.109234,-0.200109,0.011538,-0.156351,0.033191,-0.021723,-0.064504,0.100406,0.034504,0.284069,0.122679,-0.036069,-0.017206,-0.174842,0.102191,-0.17873,-0.028722,0.035592,0.119068,0.089058,-0.120265,0.061466,0.006673,-0.041158,0.126389,0.063387,-0.082927,-0.182939,-0.050929,0.063756,-0.104537,0.146969,-0.022476,-0.151304,0.155681,-0.017358,0.09883,0.111111,0.194473,-0.199542,0.279225,0.043045,0.168618,0.088689,-0.009616,-0.20535,0.032514,0.013336,0.039053,0.007375,-0.002909,0.099335,0.054742,-0.004989,-0.04761,0.005743,-0.193733,0.005052,0.000467,-0.063987,-0.083267,0.034978,0.194865,-0.143138,-0.015686,-0.118673,0.031397,-0.239129,0.005543,0.072368,-0.036898,-0.173346,-0.119879,0.115016,0.018493,-0.064479,-0.106089,-0.111164,-0.050704,-0.02371,0.011285,-0.080125,0.059217,0.022821,-0.047335,0.085151,-0.174166,0.038935,0.030004,0.097012,-0.109024,-0.128914,0.221756,-0.260967,0.069153,-0.050596,0.039638,-0.08274,-0.013502,0.157096,0.002911,0.100221,-0.126859,0.063509,0.027582,0.024219,-0.087925,-0.122955,-0.023767,-0.135265,-0.178472,0.044885,-0.048775,0.063526,0.177936,0.04884,0.1874,0.091569,-0.130675,-0.124254,0.036798,0.019456,-0.051447,-0.193308,0.043409,-0.145896,0.137113,-0.100465,0.031328,0.01028,0.045793,-0.16733,0.039977,0.046671,0.042138,0.051946,-0.148924,-0.119668,0.072866,-0.177564,0.133268,-0.009032,0.013221,0.046993,-0.019937,-0.076425,-0.003359,-0.156601,0.021933,-0.106188,-0.058728,0.034689,-0.073739,0.00322,0.109006,0.018266,-0.047083,0.086396,0.029671,0.074588,0.236729,0.064698,0.069926,-0.144262,0.018161,0.208952,-0.115707,-0.017258,-0.020175,-0.030466,-0.107621,-0.026742,-0.107019,0.158554,0.172417,0.154556,0.055733,0.141494,0.1922,-0.072488,0.127762,0.183962,0.145603,-0.024853,0.152779,0.093851,0.115957,-0.126524,0.12497,-0.084089,0.080887,0.147737,-0.076628,0.016634,0.176463,0.170161,-0.114785,-0.065606,0.126877,0.045088,-0.087646,0.042971,0.120568,-0.07148,-0.114652,0.009165,-0.052061,0.06115,-0.158625,0.121304,0.096632,-0.011296,0.203081,0.028174,-0.060992,0.025538,-0.055493,0.120083,-0.077795,-0.054349,-0.188812,0.121914,0.03441,0.065772,-0.003053,-0.077474,-0.038643,0.05161,-0.029004,-0.037669,-0.010151,-0.113916,-0.010649,-0.125676,0.038988,-0.11809,-0.043721,0.149561,0.062022,-0.005936,0.011169,-0.074446,-0.119982,-0.034634,0.159998,0.200514,0.098026,-0.054141,-0.212862,0.082467,0.026898,0.004765,0.023024,-0.269984,-0.048673,-0.097039,0.005647,-0.165478,-0.063534,0.16238,0.027851,0.134823
M_has_H,-0.216784,0.062186,0.118375,0.060019,0.115762,0.138976,0.191732,-0.080995,-0.05925,-0.283708,0.096499,-0.003405,0.097017,-0.093322,-0.041264,-0.151197,-0.081269,-0.040997,0.004499,-0.071945,-0.131201,-0.129201,-0.056149,-0.045305,0.056293,0.076483,-0.150337,-0.192831,-0.001084,0.012198,-0.219887,-0.247229,0.065745,0.086773,0.029655,-0.13184,-0.010992,-0.099772,-0.025727,-0.098733,0.031718,-0.08584,-0.118882,0.114344,0.081549,0.028843,0.171022,-0.12097,-9.3e-05,-0.043399,-0.023739,-0.099882,-0.121724,-0.057417,-0.081652,-0.149962,0.112235,-0.189314,-0.028202,0.16255,-0.00705,-0.109818,-0.015169,-0.128833,0.129321,0.064233,0.073211,0.078951,-0.168082,0.100896,-0.048502,0.248441,0.135396,-0.106908,-0.057455,0.142907,0.249002,-0.370988,0.023021,-0.131327,0.023188,0.042615,-0.082976,0.121717,0.073927,0.024255,-0.002403,0.094369,0.015515,0.010716,-0.027572,-0.038165,-0.041263,0.00156,0.103927,0.131025,0.062128,0.080364,0.079749,-0.053378,-0.13703,-0.231242,-0.020426,-0.039127,-0.058139,-0.169439,0.165822,0.260943,-0.093743,0.076262,-0.041625,-0.191021,-0.138984,-0.086981,-0.088868,-0.045041,-0.059955,0.016577,0.022471,-0.034611,-0.080405,-0.10401,0.038097,0.155259,-0.229699,-0.113684,-0.074359,-0.076216,0.185934,-0.069667,0.096969,-0.056385,-0.034582,-0.119343,0.046832,-0.021252,-0.012676,0.016754,0.109234,-0.200109,0.011538,-0.156351,0.033191,-0.021723,-0.064504,0.100406,0.034504,0.284069,0.122679,-0.036069,-0.017206,-0.174842,0.102191,-0.17873,-0.028722,0.035592,0.119068,0.089058,-0.120265,0.061466,0.006673,-0.041158,0.126389,0.063387,-0.082927,-0.182939,-0.050929,0.063756,-0.104537,0.146969,-0.022476,-0.151304,0.155681,-0.017358,0.09883,0.111111,0.194473,-0.199542,0.279225,0.043045,0.168618,0.088689,-0.009616,-0.20535,0.032514,0.013336,0.039053,0.007375,-0.002909,0.099335,0.054742,-0.004989,-0.04761,0.005743,-0.193733,0.005052,0.000467,-0.063987,-0.083267,0.034978,0.194865,-0.143138,-0.015686,-0.118673,0.031397,-0.239129,0.005543,0.072368,-0.036898,-0.173346,-0.119879,0.115016,0.018493,-0.064479,-0.106089,-0.111164,-0.050704,-0.02371,0.011285,-0.080125,0.059217,0.022821,-0.047335,0.085151,-0.174166,0.038935,0.030004,0.097012,-0.109024,-0.128914,0.221756,-0.260967,0.069153,-0.050596,0.039638,-0.08274,-0.013502,0.157096,0.002911,0.100221,-0.126859,0.063509,0.027582,0.024219,-0.087925,-0.122955,-0.023767,-0.135265,-0.178472,0.044885,-0.048775,0.063526,0.177936,0.04884,0.1874,0.091569,-0.130675,-0.124254,0.036798,0.019456,-0.051447,-0.193308,0.043409,-0.145896,0.137113,-0.100465,0.031328,0.01028,0.045793,-0.16733,0.039977,0.046671,0.042138,0.051946,-0.148924,-0.119668,0.072866,-0.177564,0.133268,-0.009032,0.013221,0.046993,-0.019937,-0.076425,-0.003359,-0.156601,0.021933,-0.106188,-0.058728,0.034689,-0.073739,0.00322,0.109006,0.018266,-0.047083,0.086396,0.029671,0.074588,0.236729,0.064698,0.069926,-0.144262,0.018161,0.208952,-0.115707,-0.017258,-0.020175,-0.030466,-0.107621,-0.026742,-0.107019,0.158554,0.172417,0.154556,0.055733,0.141494,0.1922,-0.072488,0.127762,0.183962,0.145603,-0.024853,0.152779,0.093851,0.115957,-0.126524,0.12497,-0.084089,0.080887,0.147737,-0.076628,0.016634,0.176463,0.170161,-0.114785,-0.065606,0.126877,0.045088,-0.087646,0.042971,0.120568,-0.07148,-0.114652,0.009165,-0.052061,0.06115,-0.158625,0.121304,0.096632,-0.011296,0.203081,0.028174,-0.060992,0.025538,-0.055493,0.120083,-0.077795,-0.054349,-0.188812,0.121914,0.03441,0.065772,-0.003053,-0.077474,-0.038643,0.05161,-0.029004,-0.037669,-0.010151,-0.113916,-0.010649,-0.125676,0.038988,-0.11809,-0.043721,0.149561,0.062022,-0.005936,0.011169,-0.074446,-0.119982,-0.034634,0.159998,0.200514,0.098026,-0.054141,-0.212862,0.082467,0.026898,0.004765,0.023024,-0.269984,-0.048673,-0.097039,0.005647,-0.165478,-0.063534,0.16238,0.027851,0.134823
H_is_M,0.052726,0.041903,0.163781,0.006887,-0.07533,0.108394,0.006595,-0.053148,-0.051835,-0.197653,0.1714,0.023863,-0.079525,-0.076625,0.154331,-0.167954,-0.084763,-0.087429,0.014676,-0.197394,-0.103857,-0.16483,0.210149,-0.16976,-0.049632,0.114232,-0.145649,-0.061422,0.144616,-0.089412,-0.177375,-0.05643,-0.054888,-0.004139,0.11287,0.121736,-0.131169,0.051872,-0.02792,-0.057668,0.035515,-0.02943,-0.032587,0.090988,0.024194,0.042037,0.037986,-0.150342,-0.06002,0.047451,0.125991,-0.079955,-0.103316,-0.170761,0.041146,-0.036132,-0.028278,-0.197629,-0.024954,0.171091,-0.051401,-0.088116,0.144179,-0.029846,0.001565,0.079088,0.037855,-0.078516,-0.095285,0.057424,-0.081542,0.115531,0.014891,-0.229487,0.077646,0.129282,0.169033,-0.156566,-0.123148,-0.075088,-0.079167,-0.164679,-0.078968,0.09148,0.056355,0.222429,0.016392,0.128097,-0.087367,-0.005726,0.125758,-0.031634,0.128034,-0.043589,-0.160881,-0.052077,0.148981,0.09188,0.006912,-0.148776,0.064026,-0.149474,-0.043074,0.076883,-0.110545,-0.097969,0.039803,0.104082,0.149457,0.050941,0.12499,-0.001324,-0.152862,-0.002833,-0.086918,-0.009954,-0.136316,0.013101,-0.027962,-0.011913,0.084865,0.031247,0.030461,0.199508,0.093416,-0.015089,0.003126,0.101005,0.102064,0.070663,0.056232,0.058374,0.000482,-0.055381,0.128541,-0.061,0.081906,0.037075,-0.077636,-0.057389,-0.026465,-0.075391,0.119419,0.137405,0.080061,-0.053725,0.020677,0.236243,0.022608,-0.120532,0.023965,-0.003628,0.04113,0.124672,0.032037,0.078739,-0.020366,0.171131,0.023821,0.009245,0.107624,-0.135892,0.068302,0.056576,-0.0224,-0.168393,0.153022,0.090016,0.019734,0.11976,0.014055,-0.025471,0.114967,-0.011746,-0.112595,0.138609,0.18666,-0.022369,0.302512,0.184587,0.132745,0.062262,-0.0749,-0.014333,-0.000393,0.01991,0.045454,0.153619,-0.137704,0.138307,-0.077628,0.056947,-0.045755,0.00248,-0.119236,-0.008311,0.053853,0.019833,-0.072421,0.021907,0.071534,0.008288,-0.091689,-0.159998,0.015158,-0.082931,-0.020631,-0.011646,0.011244,-0.103359,0.037173,-0.030949,0.021673,-0.039225,0.041702,-0.103311,-0.075251,0.156012,-0.023888,-0.056065,0.253675,-0.045545,-0.035769,-0.118856,-0.026093,0.045509,-0.043456,0.069187,-0.223024,0.005812,-0.034763,-0.133379,0.13546,-0.123398,0.102063,-0.110541,0.117201,-0.038781,0.123372,0.015326,-0.112137,0.060069,0.05536,-0.139236,-0.087177,0.07371,-0.018146,-0.158616,0.078508,0.128042,-0.050875,0.088878,0.14726,-0.004212,0.11351,0.025714,-0.025066,0.003028,0.114644,0.042201,-0.048537,-0.06469,0.203998,-0.090868,0.189099,-0.105915,0.058487,0.002555,0.030541,-0.069082,-0.021269,0.053312,0.124904,0.06459,-0.009142,-0.032518,0.097649,-0.052587,0.045588,0.027919,-0.142734,0.014672,-0.048142,-0.065394,-0.125247,-0.134444,0.165738,-0.228143,0.015489,-0.072585,-0.014625,-0.000472,-0.124379,5.9e-05,0.204334,-0.122929,0.105277,0.117096,0.03331,0.150432,0.092275,-0.073797,-0.019002,0.068398,-0.088855,0.134038,-0.173807,-0.028679,0.101545,-0.058534,-0.094858,-0.017757,0.021904,0.193988,-0.042003,0.009575,0.037431,0.18908,-0.108138,0.119236,0.059037,-0.134452,0.105768,0.021733,0.001103,-0.084321,0.004029,-0.055962,0.206809,0.173089,0.170733,0.209081,0.048461,0.034854,-0.258308,-0.061818,-0.033273,0.003626,0.017705,-0.03302,0.127153,-0.067837,0.055866,-0.023461,-0.078365,0.041119,-0.014142,0.01552,0.181167,0.085135,0.121852,0.108046,-0.049037,-0.158277,-0.108328,-0.055011,-0.026509,0.107514,0.025014,-0.030909,0.037982,-0.052708,-0.115322,0.042824,-0.009327,0.149246,0.027054,-0.000287,0.100825,-0.120115,0.055274,-0.005851,0.01357,-0.090735,-0.028663,0.241728,0.027273,0.04164,0.059803,0.058991,0.020968,0.074065,0.054461,-0.127146,-0.037989,-0.178957,-0.027157,0.057978,0.037003,0.125482,0.112816,-0.097135,0.031256,0.029473,-0.002982,-0.075317,0.070785,0.040006,-0.031192,0.014652
H_location_is_M,-0.05949,0.0729535,0.0501805,0.011947,0.0942755,0.123773,-0.060604,0.024923,0.000993000000000001,-0.030701,-0.024647,-0.045257,-0.077113,-0.021272,0.1366085,-0.1462515,0.073355,-0.092749,-0.0181205,-0.186594,-0.0673335,-0.119353,0.195966,-0.04172,0.01514,0.1349575,-0.06089,-0.091143,0.14924,0.075733,-0.158575,-0.16155,-0.0076005,0.0878145,0.070354,0.0571275,0.0639225,0.050439,-0.0404755,-0.11476,-0.1336505,-0.0017545,0.004725,0.17687,-0.0045145,-0.0135155,0.053337,-0.071744,-0.0068925,-0.018291,0.0088485,-0.073997,-0.0375625,-0.1076875,0.0265455,0.0072615,-0.16854,-0.0663185,-0.0253605,0.0760535,-0.0120035,-0.0785515,0.118822,0.0129155,-0.024435,0.0233325,-0.025281,-0.053819,-0.1330335,0.104614,0.004273,0.088156,-0.1115655,-0.2420635,0.0559715,0.0249355,0.0404625,-0.175204,-0.143203,-0.054396,0.053943,-0.0399995,-0.062339,0.1029165,0.0028485,0.129983,0.0054385,0.149006,-0.050072,-0.105754,0.117587,-0.0163625,0.02537,-0.0293785,-0.1063645,0.093637,0.1435935,-0.062055,-0.064814,-0.0483055,0.1057715,-0.1064865,-0.08019,-0.00919,-0.00659700000000001,0.063981,-0.0445535,-0.061945,0.098812,-0.152976,-0.101056,0.1138365,-0.2245105,-0.0777325,-0.058565,-0.0112805,-0.057399,0.094566,-0.0297135,0.055334,0.048624,-0.067032,-0.0444235,0.0842375,0.146826,-0.0904055,-0.0648945,0.000821999999999996,0.0294675,-0.066401,0.0561085,0.069796,0.0591095,-0.0638365,0.1344815,-0.134425,0.0439165,-0.0089875,-0.017318,0.0438415,-0.042527,-0.1129065,0.069703,0.1487515,0.019689,-0.0695155,-0.00289,0.260092,0.0580455,-0.1203965,-0.0757735,0.0163065,-0.021546,0.038742,0.04576,-0.0401865,-0.0036755,0.1267295,-0.0582795,-0.172291,0.1252195,-0.0529435,0.1254245,0.0819755,-0.0099985,-0.1636745,0.018093,-0.0499675,-0.0700125,0.0706595,0.0175425,-0.0409905,-0.007404,0.0227415,-0.011985,0.048177,0.1150195,-0.0169395,0.1222595,0.2772905,0.098119,0.0723285,-0.042864,-0.0206665,0.0126205,0.0432475,-0.0073315,0.061196,-0.1374185,-0.010885,-0.0865835,-0.03614,-0.076983,0.0082635,-0.0995455,-0.0068795,0.0506805,-0.0325255,0.0328725,0.061716,0.0168065,0.060617,-0.0461375,0.000843999999999998,0.030868,-0.043176,-0.054156,-0.034628,-0.029148,-0.115743,-0.050788,-0.0819855,0.04232,-0.0860675,0.026115,-0.1111295,0.046382,0.1397745,-0.0231555,0.0187915,0.133165,0.0266745,0.005715,-0.0751215,-0.1012715,-0.171339,-0.077387,0.054101,-0.141619,-0.002721,-0.0322725,-0.2094775,-0.04242,-0.0664445,-0.0965145,-0.042307,0.207197,-0.1745435,0.1788455,0.0675915,0.01739,0.000494499999999998,0.105794,-0.0723405,0.0455025,0.157008,-0.024396,-0.2416555,0.0670455,0.2375545,-0.037614,0.0628515,0.1710835,0.042767,0.116648,-0.001557,-0.0224045,-0.054839,0.021352,-0.04373,-0.0133335,-0.157285,0.1921525,0.033251,0.210828,-0.0792595,0.1143445,-0.0288755,-0.019708,-0.0607715,0.0637695,0.1881805,0.052443,-0.1508775,0.094231,-0.0449275,0.0733335,-0.10522,0.170576,0.0062425,-0.0806045,0.032822,-0.080628,-0.1116375,-0.0704285,-0.042927,0.1713585,-0.196259,-0.1065265,-0.1712425,0.000330499999999999,-0.0848155,-0.2253885,-0.1017795,0.2254525,0.0093325,0.068111,0.1166595,0.0741945,-0.0343385,0.0384975,-0.1919425,-0.067454,0.059811,-0.187226,0.160903,0.023942,0.029629,0.0086775,-0.1133165,-0.0372225,-0.0923345,-0.0400015,0.114704,-0.147843,-0.1135115,-0.0178625,0.2291455,-0.118438,0.1974325,0.1025045,-0.034788,0.0531185,-0.034183,0.1207275,-0.038075,0.0921765,-0.09746,-0.0151315,0.0146695,0.0867265,0.1105075,-0.0161625,-0.0283015,-0.1433185,-0.111399,-0.0598375,-0.073964,0.087434,0.0269595,0.122445,-0.1429305,0.005156,-0.0896665,0.044197,-0.037493,-0.060292,0.054037,0.0938355,-0.0806545,0.0830195,0.101229,-0.06752,-0.103747,-0.2142245,-0.2059135,-0.1297165,-0.0826165,0.0857545,0.0047945,0.1454715,-0.080191,0.0148525,0.025487,0.0384795,0.0261155,0.1490545,0.022536,0.004618,-0.061734,0.128965,-0.025805,-0.047239,-0.11073,-0.0143445,0.054843,-0.0089645,0.101834,0.147748,-0.010118,-0.065521,0.083611,-0.083007,-0.111173,-0.0525105,-0.1227405,0.092316,0.018913,0.180191,0.0336165,0.0292105,-0.0428765,0.057722,-0.0602805,-0.072123,-0.013368,-0.003204,0.0582605,0.0537375,0.017996
M_location_is_H,-0.05949,0.0729535,0.0501805,0.011947,0.0942755,0.123773,-0.060604,0.024923,0.000993000000000001,-0.030701,-0.024647,-0.045257,-0.077113,-0.021272,0.1366085,-0.1462515,0.073355,-0.092749,-0.0181205,-0.186594,-0.0673335,-0.119353,0.195966,-0.04172,0.01514,0.1349575,-0.06089,-0.091143,0.14924,0.075733,-0.158575,-0.16155,-0.0076005,0.0878145,0.070354,0.0571275,0.0639225,0.050439,-0.0404755,-0.11476,-0.1336505,-0.0017545,0.004725,0.17687,-0.0045145,-0.0135155,0.053337,-0.071744,-0.0068925,-0.018291,0.0088485,-0.073997,-0.0375625,-0.1076875,0.0265455,0.0072615,-0.16854,-0.0663185,-0.0253605,0.0760535,-0.0120035,-0.0785515,0.118822,0.0129155,-0.024435,0.0233325,-0.025281,-0.053819,-0.1330335,0.104614,0.004273,0.088156,-0.1115655,-0.2420635,0.0559715,0.0249355,0.0404625,-0.175204,-0.143203,-0.054396,0.053943,-0.0399995,-0.062339,0.1029165,0.0028485,0.129983,0.0054385,0.149006,-0.050072,-0.105754,0.117587,-0.0163625,0.02537,-0.0293785,-0.1063645,0.093637,0.1435935,-0.062055,-0.064814,-0.0483055,0.1057715,-0.1064865,-0.08019,-0.00919,-0.00659700000000001,0.063981,-0.0445535,-0.061945,0.098812,-0.152976,-0.101056,0.1138365,-0.2245105,-0.0777325,-0.058565,-0.0112805,-0.057399,0.094566,-0.0297135,0.055334,0.048624,-0.067032,-0.0444235,0.0842375,0.146826,-0.0904055,-0.0648945,0.000821999999999996,0.0294675,-0.066401,0.0561085,0.069796,0.0591095,-0.0638365,0.1344815,-0.134425,0.0439165,-0.0089875,-0.017318,0.0438415,-0.042527,-0.1129065,0.069703,0.1487515,0.019689,-0.0695155,-0.00289,0.260092,0.0580455,-0.1203965,-0.0757735,0.0163065,-0.021546,0.038742,0.04576,-0.0401865,-0.0036755,0.1267295,-0.0582795,-0.172291,0.1252195,-0.0529435,0.1254245,0.0819755,-0.0099985,-0.1636745,0.018093,-0.0499675,-0.0700125,0.0706595,0.0175425,-0.0409905,-0.007404,0.0227415,-0.011985,0.048177,0.1150195,-0.0169395,0.1222595,0.2772905,0.098119,0.0723285,-0.042864,-0.0206665,0.0126205,0.0432475,-0.0073315,0.061196,-0.1374185,-0.010885,-0.0865835,-0.03614,-0.076983,0.0082635,-0.0995455,-0.0068795,0.0506805,-0.0325255,0.0328725,0.061716,0.0168065,0.060617,-0.0461375,0.000843999999999998,0.030868,-0.043176,-0.054156,-0.034628,-0.029148,-0.115743,-0.050788,-0.0819855,0.04232,-0.0860675,0.026115,-0.1111295,0.046382,0.1397745,-0.0231555,0.0187915,0.133165,0.0266745,0.005715,-0.0751215,-0.1012715,-0.171339,-0.077387,0.054101,-0.141619,-0.002721,-0.0322725,-0.2094775,-0.04242,-0.0664445,-0.0965145,-0.042307,0.207197,-0.1745435,0.1788455,0.0675915,0.01739,0.000494499999999998,0.105794,-0.0723405,0.0455025,0.157008,-0.024396,-0.2416555,0.0670455,0.2375545,-0.037614,0.0628515,0.1710835,0.042767,0.116648,-0.001557,-0.0224045,-0.054839,0.021352,-0.04373,-0.0133335,-0.157285,0.1921525,0.033251,0.210828,-0.0792595,0.1143445,-0.0288755,-0.019708,-0.0607715,0.0637695,0.1881805,0.052443,-0.1508775,0.094231,-0.0449275,0.0733335,-0.10522,0.170576,0.0062425,-0.0806045,0.032822,-0.080628,-0.1116375,-0.0704285,-0.042927,0.1713585,-0.196259,-0.1065265,-0.1712425,0.000330499999999999,-0.0848155,-0.2253885,-0.1017795,0.2254525,0.0093325,0.068111,0.1166595,0.0741945,-0.0343385,0.0384975,-0.1919425,-0.067454,0.059811,-0.187226,0.160903,0.023942,0.029629,0.0086775,-0.1133165,-0.0372225,-0.0923345,-0.0400015,0.114704,-0.147843,-0.1135115,-0.0178625,0.2291455,-0.118438,0.1974325,0.1025045,-0.034788,0.0531185,-0.034183,0.1207275,-0.038075,0.0921765,-0.09746,-0.0151315,0.0146695,0.0867265,0.1105075,-0.0161625,-0.0283015,-0.1433185,-0.111399,-0.0598375,-0.073964,0.087434,0.0269595,0.122445,-0.1429305,0.005156,-0.0896665,0.044197,-0.037493,-0.060292,0.054037,0.0938355,-0.0806545,0.0830195,0.101229,-0.06752,-0.103747,-0.2142245,-0.2059135,-0.1297165,-0.0826165,0.0857545,0.0047945,0.1454715,-0.080191,0.0148525,0.025487,0.0384795,0.0261155,0.1490545,0.022536,0.004618,-0.061734,0.128965,-0.025805,-0.047239,-0.11073,-0.0143445,0.054843,-0.0089645,0.101834,0.147748,-0.010118,-0.065521,0.083611,-0.083007,-0.111173,-0.0525105,-0.1227405,0.092316,0.018913,0.180191,0.0336165,0.0292105,-0.0428765,0.057722,-0.0602805,-0.072123,-0.013368,-0.003204,0.0582605,0.0537375,0.017996
H_made_of_M,-0.022831,0.139535,-0.106872,-0.000154999999999999,-0.0328075,0.081563,0.108252,-0.093484,0.033023,-0.040084,0.054493,-0.087969,-0.0505725,0.01703,0.0983035,-0.037744,0.127869,-0.096357,0.1420905,-0.0441565,-0.101845,0.0406075,0.1112205,0.022042,0.055305,0.0345385,-0.0534915,0.1475195,0.0070485,0.041044,0.1051505,-0.0079355,-0.0030885,0.0404355,0.108686,-0.001843,0.0596995,-0.1047075,-0.054636,-0.0230955,0.0242915,-0.083911,-0.067564,0.0308925,0.0750165,-0.016827,0.0647875,-0.0108275,0.1048455,0.029283,0.0263905,-0.059374,-0.103793,-0.075243,-0.0371805,0.0211945,0.08147,-0.0350875,-0.010645,0.039278,-0.1138285,-0.0297005,0.1690105,0.091465,-0.1587835,0.077059,-0.0369605,0.016078,-0.091929,0.031404,0.0566505,-0.013205,0.064204,-0.135097,0.0777005,0.0838565,0.0599105,-0.124742,0.035627,0.115928,-0.006167,-0.000955500000000001,-0.0279195,-0.0749515,-0.1534485,-0.0575585,-0.104471,0.1724805,0.0160905,-0.0495075,0.1070595,0.05354,-0.0781165,0.1890085,-0.1277595,-0.0932765,-0.0013115,0.0509835,-0.0268625,-0.0662655,-0.113649,0.034081,-0.086124,-0.07309,-0.077336,-0.081823,0.1389585,-0.1101945,-0.0099035,-0.138766,-0.09161,-0.038015,-0.0031535,-0.0336055,0.034366,-0.039516,-0.084338,0.074637,-0.1038665,0.1595915,-0.019232,0.021481,-0.06545,0.028577,0.032632,0.055251,0.0018735,0.0341825,0.131597,0.0275805,0.0037755,0.028008,0.032365,0.046176,-0.127112,0.023096,0.07052,0.0198205,-0.06956,-0.069816,-0.0546135,0.0048515,-0.0479795,-0.008781,-0.17254,0.103952,-0.0346415,0.058413,-0.035431,-0.006741,0.037534,-0.0739925,-0.014722,0.173692,-0.02502,0.0145765,-0.075157,-0.0320485,-0.054595,0.1246285,0.0669835,-0.1193905,-0.00321,0.1271605,-0.003368,-0.056849,0.144429,0.127832,-0.0376655,0.010922,-0.1978535,0.0483795,0.1642875,-0.015342,0.024671,0.0554455,0.0298495,0.093412,-0.0709535,0.1300765,0.0338485,-0.0361915,-0.065553,0.0554095,-0.0187365,-0.01243,-0.006676,-0.04774,0.0054845,0.090884,-0.0061165,0.050339,0.0538405,0.120761,-0.0776325,0.1196365,-0.034453,-0.120795,0.0291675,-0.0171495,-0.0214935,0.0048135,-0.1978785,-0.0368595,-0.039578,-0.027283,-0.00439900000000001,0.1136725,-0.067894,-0.143976,-0.043855,0.046927,-0.0240545,-0.1463725,0.0355965,0.0169135,-0.0691235,-0.037402,0.0009505,0.0439905,0.0793925,-0.083939,-0.117322,-0.018937,-0.0427325,-0.057328,-0.086299,-0.0728145,0.0497335,-0.0665265,-0.0885115,0.0508225,0.0695175,0.090791,-0.0254555,-0.0499625,-0.0650135,-0.112512,-0.098247,-0.023215,-0.081157,-0.0153245,-0.002709,0.0712315,-0.246355,0.130598,-0.025143,-0.0204745,0.099025,0.005856,-0.018925,0.0301715,0.0678035,-0.071936,0.0594425,0.013416,-0.023677,0.026319,-0.0068055,0.06991,-0.053684,-0.116379,0.0298325,-0.0473245,0.0460815,0.12868,0.099961,-0.0300085,0.0617565,0.0954765,0.0109745,-0.051742,-0.0330155,-0.1231545,0.106869,-0.2793085,0.018567,0.082193,-0.0064295,0.030751,-0.0414755,-0.0076235,-0.029577,0.154149,0.05198,-0.015793,0.0829195,-0.038174,-0.026425,0.130889,-0.0490905,-0.0842705,-0.1168345,0.1196885,0.040383,-0.0346705,0.1510085,0.0312915,0.0021045,0.0294195,-0.029515,-0.126241,-0.0523805,0.019422,-0.028297,-0.090725,-0.0350065,0.0832225,-0.044912,0.0623745,-0.119805,-0.02784,0.131001,0.0704325,0.0407065,-0.0030505,-0.035032,-0.014563,0.07576,0.041258,-0.071163,-0.061569,-0.0220565,-0.046446,0.040718,-0.0365015,0.0159775,-0.1347875,0.210714,0.07775,-0.045231,0.0925,0.0507055,0.0123805,-0.1569075,-0.092282,-0.0565965,-0.0493035,-0.0372405,0.0563135,0.104942,-0.0344555,0.036095,0.06266,0.0553695,0.2037965,-0.029796,-0.017228,0.0521165,-0.0471935,-0.011034,-0.025083,-0.068847,-0.0859465,0.062039,-0.0409905,0.039451,-0.019541,0.014705,0.144402,0.1208445,0.067471,0.1426555,0.0160795,-0.0317445,-0.0299385,0.033274,-0.1451255,0.119229,0.003046,-0.047659,0.0685815,0.0077535,-0.0106675,-0.010589,-0.0484425,-0.0671125,-0.007325,0.145092,-0.005965,0.1460625,0.067544,-0.01297,-0.008333,-0.1398165,-0.057993,-0.1184755,0.2039515,0.037773,-0.0187455,-0.038157,-0.1438185,-0.160545,0.027108,0.043118,0.0134465,0.056613,-0.063716,-0.0815125,0.012948
H_makes_M,0.202675,0.361325,0.122118,-0.002038,-0.115694,0.119017,-0.062738,-0.029101,0.073576,-0.127892,0.066514,-0.202917,-0.093133,0.013507,0.203314,-0.194511,0.139309,-0.152482,-0.005181,-0.112825,-0.068532,-0.135315,0.431511,-0.040534,-0.035879,0.16403,-0.11793,-0.017382,0.083518,-0.142522,-0.014174,-0.039981,0.084949,0.042044,-0.018278,0.093654,0.244761,-0.210955,-0.007397,-0.188816,0.060686,-0.013926,0.035118,0.006165,0.042685,0.046747,-0.003262,-0.308232,-0.141732,-0.015342,-0.030307,-0.028003,0.042597,0.064691,-0.116845,-0.06951,-0.056324,-0.037034,-0.084068,0.058121,0.075544,-0.071152,0.302753,0.001544,-0.09062,-0.063769,-0.166708,-0.064459,-0.144774,0.06555,0.037517,0.233871,0.142526,-0.328446,0.057759,0.115709,0.281068,-0.201187,0.055259,0.171395,0.067895,-0.127309,0.036654,-0.173147,-0.176993,-0.322218,0.055221,0.279012,0.109879,0.107476,-0.007478,0.061648,-0.088349,0.145582,-0.173396,0.007094,0.043687,0.044129,0.15418,-0.108842,0.026531,-0.004341,0.026989,0.117642,-0.058052,0.113387,0.223586,0.024832,-0.018484,-0.122537,0.19827,0.090566,0.001747,-0.203642,-0.19099,-0.045591,-0.267168,0.027956,-0.144129,0.077283,0.058667,-0.064377,-0.225023,0.257963,0.149345,-0.008897,0.020476,-0.017924,0.142648,0.144005,-0.067361,-0.257748,-0.021458,-0.045032,-0.167149,0.048989,0.114793,0.109227,-0.041048,-0.07371,0.003372,-0.064862,-0.006803,0.110058,-0.155515,-0.035854,0.183196,0.191181,-0.11353,-0.211159,0.086262,-0.042849,0.088222,0.053948,-0.20677,0.006306,-0.104661,-0.024847,0.179769,0.054805,0.0036,-0.191747,0.014273,0.053898,-0.080312,-0.004739,0.236228,0.003069,0.046482,0.141624,0.096442,0.21041,0.285157,-0.25403,-0.015703,0.319574,-0.004088,-0.044789,-0.095558,0.151604,0.084559,0.043564,-0.079614,0.038272,0.251364,0.031976,0.049265,-0.023781,0.028383,0.134814,0.083915,0.026436,-0.088841,-0.031186,-0.170375,0.036673,-0.041724,-0.119104,0.077133,-0.191002,-0.176824,0.077042,-0.372482,-0.1683,-0.018174,0.100976,0.146223,0.045912,-0.083522,-0.359023,-0.210393,0.009464,0.056971,-0.02692,0.258554,0.14089,-0.004085,-0.013401,-0.018831,0.188935,0.091172,-0.079759,-0.311933,-0.043068,-0.030034,0.058491,-0.084954,-0.125405,-0.103624,0.100681,-0.137328,-0.061816,0.216737,0.06543,0.09522,-0.174303,0.027466,-0.210357,-0.140458,0.099223,-0.029027,0.050707,0.121684,-0.046259,-0.344572,0.045685,-0.232804,-0.017493,0.046689,0.136757,-0.089626,0.076309,0.159318,-0.086413,-0.116149,-0.028928,0.003563,0.155518,0.276302,0.044943,-0.087507,-0.134362,0.121459,-0.12841,0.098257,0.05621,0.233393,-0.119424,-0.081092,0.128093,-0.058609,-0.024127,-0.030398,-0.052224,0.085768,-0.28629,-0.089486,0.051556,0.088633,0.16641,0.03108,0.002047,0.013523,0.186201,-0.034247,0.125923,0.257128,-0.022365,-0.006674,0.139746,-0.021692,-0.120491,-0.112725,0.11204,0.211402,-0.161078,0.188624,0.161698,0.24525,0.134191,0.094897,-0.017677,-0.0593,0.047508,0.074839,0.033778,-0.00066,-0.073977,0.121225,0.012576,0.049199,0.027343,0.166172,0.080694,0.044514,-0.004738,-0.128215,0.051631,-0.318112,-0.088222,-0.079984,-0.03161,-0.240531,-0.090728,0.053208,-0.057453,0.007555,-0.418612,0.20124,-0.03821,0.096242,0.085633,0.135667,-0.069902,-0.068958,-0.137679,-0.013755,-0.075779,-0.000866,0.058369,0.213543,-0.028003,0.130055,0.088598,0.203351,0.249757,0.010113,0.00043,0.208952,0.259353,0.092973,0.068323,0.068646,-0.206415,-0.205016,-0.196241,-0.047775,0.184623,0.050991,0.241915,0.052783,0.052403,0.106942,-0.112081,0.162972,-0.034352,0.007634,0.029617,0.072326,-0.00847,0.056754,0.00029,-0.018928,0.069636,-0.117028,-0.013686,-0.127418,0.198801,0.232331,-0.147972,0.110537,0.158264,0.17921,-0.214691,-0.153129,-0.212482,-0.16898,0.242065,0.103982,0.215366,-0.054343,-0.196982,-0.139578,-0.072756,0.118758,0.015799,0.290831,0.066089,-0.144996,0.065629
H_used_by_M,-0.0212745,0.167254,0.077327,0.012417,-0.056312,0.0611025,0.063477,-0.0643785,0.127819,0.015371,0.0493795,0.0240535,0.0041245,-0.131618,0.1028745,-0.1623735,0.060049,0.111478,0.16459,-0.029981,0.0368125,-0.016002,-0.071616,-0.1132025,0.0457635,0.1763425,-0.0275735,0.0019675,0.0297865,0.021665,0.175002,-0.191417,-0.041463,0.030333,0.0705265,-0.011178,-0.048672,-0.0522975,-0.077897,-0.0458025,0.0795655,0.1000295,0.035946,0.0884315,0.071952,0.076526,0.2058655,0.0579245,-0.058281,-0.0515925,0.030939,-0.072597,-0.103064,-0.0159325,-0.043227,0.045757,0.191388,-0.0393715,-0.087636,0.1250185,-0.018726,0.023417,0.0741435,0.03826,-0.097691,0.1614945,-0.084752,-0.0470565,-0.0404605,-0.0110665,0.1222675,-0.0311755,-0.0511585,-0.2231685,0.063404,0.015656,0.0218955,-0.0435385,-0.0289895,-0.044338,-0.0816075,0.0408685,-0.060527,0.0445985,0.090679,0.0646705,-0.111898,0.050037,-0.1002855,-0.0726845,0.087954,-0.0801865,0.0384535,0.012053,-0.125468,0.04432,0.0835855,0.019184,-0.074945,-0.060016,-0.0180885,-0.188025,-0.03839,0.0166265,-0.0048155,-0.0934775,-0.028364,0.05518,-0.005921,0.0316365,-0.1392115,-0.01292,-0.043487,0.060882,-0.055292,-0.050644,0.0354315,0.117948,0.0190385,0.0365585,-0.026365,-0.0475585,-0.020129,0.0608365,-0.0735145,-0.094079,-0.000431999999999998,-0.055938,-0.0147535,0.0822915,0.1131025,0.040981,0.0054515,-0.0337695,0.062092,0.0286035,0.1138605,-0.0539465,-0.0440855,-0.0993335,-0.088771,0.0144695,-0.010021,-0.016782,-0.0424885,-0.0224715,-0.0011865,0.1109095,-0.0082755,-0.057332,-0.000668999999999999,-0.003993,0.0640635,-0.0054395,-0.0544185,0.0646555,-0.0690365,0.092938,-0.0035395,0.0046935,0.229115,-0.106404,-0.020268,-0.018129,-0.07766,-0.1027265,-0.005963,-0.027504,-0.107924,-0.059222,-0.1439195,-0.1009385,-0.021193,0.1487305,0.09272,0.0034055,0.031065,0.0661215,0.058007,0.171644,-0.027704,0.057775,-0.0623575,-0.127828,-0.0694905,-0.145076,-0.011504,0.075489,0.056658,0.0989265,-0.08298,0.0536415,-0.10836,-0.0107145,-0.023814,0.063169,0.021457,-0.0699485,-0.0760855,0.1449455,0.0352355,0.1020925,-0.02361,-0.105828,-0.051662,-0.069854,0.0031715,0.0974395,-0.0137815,-0.078913,0.0605605,0.01844,0.089858,-0.1142485,-0.085238,-0.0616365,0.00632600000000001,0.0907125,-0.0828045,-0.0735925,0.065567,0.043517,0.027013,0.0161245,0.0443115,0.0128275,-0.1073215,-0.0118355,0.096698,-0.0250845,-0.161463,0.0077205,0.06574,-0.104985,0.0511255,-0.1057265,-0.16451,-0.0870885,5.7e-05,-0.012168,-0.245158,0.0194445,-0.0030435,0.009419,0.004388,-0.0656755,0.1622575,-0.037457,0.0407825,-0.0894565,0.0134605,-0.094312,0.0183355,-0.062903,0.066641,-0.0353945,-0.0979695,0.100647,0.0025735,0.053525,-0.0470035,-0.1032065,-0.0916575,-0.044196,-0.0542125,-0.017514,0.092918,0.091651,-0.0314255,-0.0470515,-0.052728,0.0451025,0.073873,0.095236,-0.123308,-0.032312,0.000799999999999999,0.0603855,0.0688265,0.0588315,-0.0937745,0.0307115,-0.1623735,0.0175815,-0.003674,-0.230037,0.0738575,-0.035917,-0.042539,-0.115865,-0.1110295,0.038528,-0.0279725,-0.01771,0.0396715,-0.0120535,0.0377575,0.007415,0.0164495,-0.007588,-0.0164535,0.0035225,-0.008432,-0.003719,-0.0595725,0.074848,-0.060292,0.1846305,-0.0220795,0.0097355,0.0231495,0.008246,-0.077878,0.0672105,-0.0131595,-0.036509,0.0543005,-0.0362755,0.120189,0.08243,-0.1385865,0.111801,0.131568,0.006375,0.036802,-0.0461935,0.09874,0.015232,0.175219,-0.000279000000000001,0.034432,0.07461,0.0812465,-0.1816165,-0.2057315,-0.01281,-0.0790675,-0.0671145,0.018927,-0.062128,-0.050537,-0.165042,-0.0154895,0.0644025,0.0311995,0.0306235,-0.0780785,-0.010318,-0.049056,-0.060272,-0.057776,0.02192,-0.0521145,-0.0207065,-0.007324,0.0301145,-0.0538365,-0.1230465,-0.028445,0.02464,-0.0781245,0.071874,0.052048,-0.089555,0.00810899999999999,0.025282,-0.055419,-0.1192345,-0.0416015,0.034411,0.028727,-0.076578,0.057215,-0.1647025,0.072694,0.1663705,0.0742665,-0.1044585,0.04462,0.037483,0.07018,0.090941,-0.005116,-0.00897150000000001,-0.02549,0.137746,-0.0320815,0.0185665,-0.0645985,0.083451,0.03741,-0.093192,-0.1032775,0.041104,0.0214,0.0023255,-0.065041,0.057715,-0.0384245,0.0116045
H_uses_M,0.186537,0.175637,0.132727,0.002336,-0.102972,0.106796,-0.026457,-0.173554,0.240127,-0.072997,0.159376,-0.048759,-0.129667,-0.105574,0.113168,-0.201855,0.077502,-0.054959,0.224954,0.002842,-0.055887,-0.172261,0.051451,0.029841,0.134237,0.285664,-0.098559,-0.158647,-0.027573,-0.107262,0.027972,-0.302095,0.106623,-0.0497,-0.038054,0.16754,-0.093728,-0.079612,0.166758,-0.189275,0.119657,0.064741,0.161818,0.07061,-0.042815,0.037235,0.281056,-0.050055,-0.244175,-0.026601,-0.05196,-0.09071,-0.060316,0.116571,-0.154389,-0.033345,0.246598,-0.155249,-0.172967,0.270412,0.23932,0.071595,0.012023,-0.054537,0.01715,0.13349,-0.120921,-0.032405,-0.164072,-0.027354,0.064832,-0.078318,-0.01692,-0.304136,-0.068931,0.030836,0.184225,-0.064397,-0.060709,-0.177297,0.048293,0.005179,-0.010463,-0.141437,0.004964,0.04826,0.133875,0.201424,0.072846,0.125649,-0.054336,-0.173671,0.015826,0.017016,-0.023392,0.164063,0.024219,0.199413,-0.015027,-0.02057,0.106363,-0.189494,0.097245,0.054021,0.044342,-0.001258,-0.152994,0.221929,0.078836,0.222332,0.091963,0.121973,-0.094031,0.058436,-0.102282,-0.099874,-0.151124,0.007182,0.078231,0.120046,0.014137,-0.052831,0.049807,0.07019,0.113338,-0.144492,0.027484,-0.285021,-0.070711,0.212681,0.144879,-0.044369,-0.19376,-0.155737,0.058131,0.18829,-0.114396,-0.125896,0.040474,-0.065833,-0.234968,-0.169125,0.002764,0.122824,-0.091551,-0.097131,0.167601,0.12488,-0.037579,-0.074073,-0.054068,-0.044088,-0.06384,-0.087843,-0.047509,0.072929,-0.224398,0.048963,0.087317,-0.09853,0.213804,-0.193858,-0.064622,0.050474,-0.097979,-0.192358,0.073011,-0.028508,-0.131603,0.097679,0.002367,-0.07597,0.045026,0.092124,-0.149267,0.057096,0.241996,-0.074831,0.016491,0.056992,-0.070173,-0.047439,0.010738,-0.177817,-0.11701,0.127339,-0.189257,0.113065,0.028549,0.277241,-0.241503,-0.059738,-0.181766,-0.093116,-0.204165,-0.002292,0.066529,-0.0441,0.008365,0.082875,-0.029047,-0.049014,0.040429,-0.21132,0.071479,0.004827,0.142279,0.12962,-0.288369,-0.400276,-0.033012,0.010189,0.180712,-0.285845,0.088184,0.153656,0.016726,0.133199,0.116822,0.155021,0.019104,0.02196,-0.197164,-0.135995,-0.003486,0.118058,-0.172079,-0.138749,-0.031311,0.081312,-0.138824,-0.121752,0.182081,-0.139221,0.01987,-0.10417,-0.189917,0.080182,0.047451,0.052929,-0.160563,0.085802,0.146626,0.028761,0.094057,0.088506,-0.0169,-0.067623,0.172431,-0.039588,-0.047839,-0.098116,0.054669,-0.050231,0.076112,-0.134877,-0.187577,0.277881,0.319693,0.113271,0.056323,-0.234279,-0.059318,0.044444,0.037324,-0.021458,0.135129,0.032349,-0.025518,0.02301,-0.161358,0.208903,0.061062,0.055612,-0.067066,-0.102266,-0.076081,0.055755,0.023796,-0.008584,-0.103643,0.074462,-0.0806,-0.004068,-0.053682,-0.020948,0.05731,-0.106542,-0.029596,0.02247,-0.175906,0.129804,-0.065951,-0.030527,0.211824,-0.210738,-0.021656,0.055084,0.107427,0.165476,-0.024775,0.094872,-0.121748,-0.060819,-0.113181,-0.03567,-0.014561,-0.022162,-0.062557,0.003054,-0.002016,0.030464,-0.174096,0.039148,-0.172806,-0.078646,0.021748,0.039468,0.091719,0.174167,-0.084269,0.078081,-0.072499,-0.021828,-0.077438,-0.195032,0.23479,-0.089801,0.069782,-0.055946,0.058701,0.228888,0.140446,-0.223841,-0.081407,0.026029,-0.107178,-0.051053,0.008961,-0.119672,0.0531,-0.297512,-0.045944,-0.009767,0.052232,0.020765,0.060742,0.012688,-0.011051,0.153794,0.12182,0.08322,-0.003205,-0.053695,-0.245517,-0.05904,0.141097,0.100327,0.093667,-0.030909,-0.150423,0.127715,0.046441,-0.224896,0.052398,-0.024586,-0.040476,-0.033015,-0.018597,0.104598,-0.042889,-0.028241,0.245562,-0.020465,0.161878,0.282689,0.073341,0.041141,0.015514,0.152931,0.005996,0.283649,-0.154515,-0.153861,0.004216,-0.152816,-0.101252,0.091628,0.131588,0.277587,0.012231,-0.182674,-0.132562,-0.194225,0.10489,0.090608,-0.037136,0.13812,0.120233,-0.119223
